model,MAE,RMSE,R2
Linear Regression,1.895,2.789076908226089,0.29290749802154414
Random Forest,1.7630291666666675,2.7958428238164816,0.2894727193059363
