n_elements,contains_oxygen,is_binary_compound,y_true,linear_pred,rf_pred
2,0,1,1.8,1.42,1.6790333333333316
1,0,0,0.67,2.220446049250313e-16,0.17298333333333332
2,1,1,8.8,3.39,3.3128833333333323
1,0,0,1.12,2.220446049250313e-16,0.17298333333333332
