model,MAE,RMSE,R2
Linear Regression,2.028888888888889,3.135841785502532,0.23950637228196248
Random Forest,2.0270072222222226,3.1601335784631894,0.22767841126116828
