n_elements,contains_oxygen,y_true,linear_pred,rf_pred
2,0,1.8,1.4200000000000004,1.4266766666666666
1,0,0.67,0.37333333333333374,0.41721333333333377
2,1,8.8,3.3899999999999997,3.345088333333332
